{
	"pattrstorage" : 	{
		"name" : "upshot",
		"slots" : 		{
			"1" : 			{
				"id" : 1,
				"data" : 				{
					"upshot_input::input channel" : [ 1 ],
					"upshot_input::input volume" : [ -3.0 ],
					"upshot_output::DSP state" : [ 1.0 ],
					"upshot_output::output volumes" : [ 0.0 ],
					"upshot_sampler::kslider" : [ 41 ],
					"upshot_sampler::live.numbox[4]" : [ 500.0 ],
					"upshot_sampler::loop state" : [ 0.0 ],
					"upshot_sampler::number[1]" : [ -7.0 ],
					"upshot_sampler::record" : [ 0.0 ],
					"upshot_sampler::volume" : [ -11.95275590551185 ],
					"upshot_midiin::MIDI input device" : [ 0 ],
					"upshot_envelope::envelope output" : [ 55.213476579642965 ],
					"upshot_envelope::functions" : [ "data", 0, 16, 1000.0, 0.0, 1.0, 0.0, 0.0, 0, 0.0, 499.047619047619037, 1.0, 0, 0.0, 1000.0, 0.0, 2, 0.0, "curve", "data", 1, 20, 1000.0, 0.0, 1.0, 0.0, 0.0, 0, 0.0, 424.761904761904759, 0.890243902439024, 2, 0.0, 580.952380952380963, 0.384146341463415, 0, -0.0, 1000.0, 0.0, 0, -0.005, "curve", "data", 2, 24, 1000.0, 0.0, 1.0, 0.0, 0.0, 0, 0.0, 216.044578063530082, 0.140941994530814, 0, 0.0, 301.639343999999994, 0.430233, 0, 0.0, 675.409836000000041, 0.436047, 0, 0.0, 1000.0, 0.0, 0, 0.0, "curve", "data", 3, 36, 1000.0, 0.0, 1.0, 0.0, 0.0, 0, 0.0, 377.049179999999978, 1.0, 0, 0.0, 439.344262000000015, 0.0, 0, 0.0, 603.278688999999986, 0.824675, 0, 0.0, 708.196721000000025, 0.0, 0, 0.0, 757.377049000000056, 0.0, 0, 0.0, 832.786884999999984, 0.590909, 0, 0.0, 1000.0, 0.0, 0, 0.0, "curve", "data", 4, 20, 1000.0, 0.0, 1.0, 0.0, 0.0, 0, 0.0, 481.904761904761926, 0.774390243902439, 0, 0.318, 897.14285714285711, 1.0, 0, 0.56, 1000.0, 0.0, 0, 0.0, "curve", "data", 5, 20, 1000.0, 0.0, 1.0, 0.0, 0.0, 0, 0.0, 118.095238095238102, 0.75, 0, 0.0, 706.666666666666629, 1.0, 0, 0.0, 1000.0, 0.0, 0, 0.0, "curve", "data", 6, 28, 1000.0, 0.0, 1.0, 1.904761904761905, 0.0, 0, 0.0, 358.095238095238074, 0.195121951219512, 0, 0.0, 420.952380952380963, 0.75, 0, 0.0, 577.14285714285711, 1.0, 0, 0.0, 800.0, 1.0, 0, 0.0, 1000.0, 0.0, 0, 0.0, "curve", "data", 7, 28, 1000.0, 0.0, 1.0, 0.0, 0.0, 0, 0.0, 314.285714285714278, 0.018292682926829, 0, 0.0, 472.380952380952408, 0.518292682926829, 0, 0.0, 729.523809523809518, 0.0, 0, 0.0, 859.047619047619037, 1.0, 0, 0.0, 1000.0, 0.0, 0, 0.0, "curve" ],
					"upshot_envelope::selected function" : [ 3.0 ],
					"upshot_envelope::speed" : [ 0.220472440944881 ],
					"upshot_envelope::state" : [ 1.0 ],
					"upshot_envelope[1]::envelope output" : [ 81.0 ],
					"upshot_envelope[1]::functions" : [ "data", 0, 16, 1000.0, 0.0, 1.0, 0.0, 0.0, 0, 0.0, 499.047619047619037, 1.0, 0, 0.0, 1000.0, 0.0, 2, 0.0, "curve", "data", 1, 20, 1000.0, 0.0, 1.0, 0.0, 0.685584851673671, 0, 0.0, 432.619313332310242, 0.908799137387957, 0, 0.0, 617.610233041060042, 0.6766562802451, 2, -0.0, 996.616019761425264, 0.221299137387957, 0, -0.005, "curve", "data", 2, 24, 1000.0, 0.0, 1.0, 0.0, 0.0, 0, 0.0, 193.442622999999998, 1.0, 0, 0.0, 301.639343999999994, 0.430233, 0, 0.0, 675.409836000000041, 0.436047, 0, 0.0, 1000.0, 0.0, 0, 0.0, "curve", "data", 3, 36, 1000.0, 0.0, 1.0, 0.0, 0.0, 0, 0.0, 377.049179999999978, 1.0, 0, 0.0, 439.344262000000015, 0.0, 0, 0.0, 603.278688999999986, 0.824675, 0, 0.0, 708.196721000000025, 0.0, 0, 0.0, 757.377049000000056, 0.0, 0, 0.0, 832.786884999999984, 0.590909, 0, 0.0, 1000.0, 0.0, 0, 0.0, "curve", "data", 4, 20, 1000.0, 0.0, 1.0, 0.0, 0.0, 0, 0.0, 481.904761904761926, 0.774390243902439, 0, 0.318, 897.14285714285711, 1.0, 0, 0.56, 1000.0, 0.0, 0, 0.0, "curve", "data", 5, 20, 1000.0, 0.0, 1.0, 0.0, 0.0, 0, 0.0, 118.095238095238102, 0.75, 0, 0.0, 706.666666666666629, 1.0, 0, 0.0, 1000.0, 0.0, 0, 0.0, "curve", "data", 6, 28, 1000.0, 0.0, 1.0, 1.904761904761905, 0.0, 0, 0.0, 358.095238095238074, 0.195121951219512, 0, 0.0, 420.952380952380963, 0.75, 0, 0.0, 577.14285714285711, 1.0, 0, 0.0, 800.0, 1.0, 0, 0.0, 1000.0, 0.0, 0, 0.0, "curve", "data", 7, 28, 1000.0, 0.0, 1.0, 0.0, 0.0, 0, 0.0, 314.285714285714278, 0.018292682926829, 0, 0.0, 472.380952380952408, 0.518292682926829, 0, 0.0, 729.523809523809518, 0.0, 0, 0.0, 859.047619047619037, 1.0, 0, 0.0, 1000.0, 0.0, 0, 0.0, "curve" ],
					"upshot_envelope[1]::selected function" : [ 2.0 ],
					"upshot_envelope[1]::speed" : [ 0.072362204724409 ],
					"upshot_envelope[1]::state" : [ 1.0 ],
					"upshot_scalequantizer::quantized note output" : [ 41 ],
					"upshot_scalequantizer::root" : [ 0 ],
					"upshot_scalequantizer::scales" : [ 3 ]
				}

			}

		}

	}

}
